id,scenario,seed,controller,success,survivors,extracted,elapsed,holdSeconds,switches,status,decisions,attempts,modelLabel,modelDecisions,jevDecisions,fallbackCount,inputTokens,knownCostUsd,estimatedCostUsd,costBasis,attemptsWithoutUsage,throttledRequests,inFlight,fallbackFrequency,discarded,meanLatencyMs,checksum
"2243df74-018f-4281-a3de-bcf2573c1a77","crossing","71","rules","false","2","0","90","0","32","complete","90","0","Nimble","0","0","0","0","0","0","local","0","0","false","0","0","","38efcd85dfe916a9b7f9811799b44ee4f836a5f629ce9131629321f1f194c668"
"4ad7c124-430c-4723-b338-daf59e4c45da","crossing","71","rules-tactical","true","3","0","58.65","20","11","complete","59","0","Nimble","0","0","0","0","0","0","local","0","0","false","0","0","","8fdce258f3464f0f428813614b7fff4f773f81aa46677bef6ade75136bae3973"
"fdcc7c4d-3c49-40fc-912e-197d3eafd661","crossing","71","jev","false","0","0","29.25","0","6","complete","17","17","Nimble","14","0","2","43471","0","0","local","0","0","false","0.125","1","1306","f7e305a12b5b8c554f139fef4d35326a644863a95cd70d502f3285a46abf82de"
"10231e85-a059-4d51-8584-1ce15429a521","crossing","72","rules","false","0","0","32.05","0","6","complete","33","0","Nimble","0","0","0","0","0","0","local","0","0","false","0","0","","2049dafb0dd349a6016923fe37e61176b0d65f0b8ec8588559737db66d41dccd"
"93a2acdf-0d55-481e-bb43-9853a169d130","crossing","72","rules-tactical","true","3","0","58.75","20","11","complete","59","0","Nimble","0","0","0","0","0","0","local","0","0","false","0","0","","9db3b01672fca4381529d695b4aed3b2c764f28d91005f642ec6b4a0f180197f"
"4cf8f190-6c3b-402a-bb2c-cd34ea8109a1","crossing","72","jev","false","0","0","29.95","0","7","complete","16","16","Nimble","16","0","0","41364","0","0","local","0","0","false","0","0","1308","dfce182122d41cb5b47d8749b28acc675caa855db16eebc3ca9ec4675a879606"
"3408d75a-19a6-4667-a180-979991408f0b","crossing","73","rules","true","3","0","51","20","11","complete","51","0","Nimble","0","0","0","0","0","0","local","0","0","false","0","0","","bb75a6ceb4acea5f3c62142f988de6d60ae7e3206bc0dc63b618047db3beb0b4"
"085c2977-a35c-4159-ab08-739bf9859e97","crossing","73","rules-tactical","true","3","0","58.65","20","11","complete","59","0","Nimble","0","0","0","0","0","0","local","0","0","false","0","0","","f475949dca0904f260ff2d49493ea18b39961d94dd46731d0c09562b24af1079"
"1242b987-9ba6-4bda-8a3a-a931ba4450ea","crossing","73","jev","false","0","0","30.2","0","8","complete","17","17","Nimble","14","0","2","44735","0","0","local","0","0","false","0.125","1","1317","dab7e41f3a959c5e31a86ca0e7526676bc12184791503ee255f45667e7875df9"
"04692417-7264-4bcf-a443-61307ef4471c","crossing","74","rules","false","2","0","90","0","27","complete","90","0","Nimble","0","0","0","0","0","0","local","0","0","false","0","0","","8b6280ee01f90af7c2e2e9df749d42d38d638912ad243148ef88940cfbba5f4f"
"d2ea0055-cf20-4e7b-bc31-ec2d6b5d6ffb","crossing","74","rules-tactical","true","3","0","58.8","20","11","complete","59","0","Nimble","0","0","0","0","0","0","local","0","0","false","0","0","","2b01e3d6fa13701f88357815c9f5a15801485f2ecd3f63c5d0193889b00a4acb"
"bb67d497-c22f-46c6-954e-f55b7db274a5","crossing","74","jev","false","0","0","27.25","0","5","complete","16","16","Nimble","13","0","2","38370","0","0","local","0","0","false","0.13333333333333333","1","1252","763fdae89eb439af86bcdb4bd295af0a6395816c1237fe4474825474e08204cd"
"f9589b91-3727-419b-9d4a-d6f0d3ddebf7","crossing","75","rules","false","2","0","90","0","29","complete","90","0","Nimble","0","0","0","0","0","0","local","0","0","false","0","0","","313c2243c8b068416a8bd0af4190d045f501e7952d500bd908168b3b6550ea4c"
"e25004a9-b97b-456a-8334-74b7ccaf4205","crossing","75","rules-tactical","true","3","0","58.8","20","11","complete","59","0","Nimble","0","0","0","0","0","0","local","0","0","false","0","0","","9aa144adc88ced029b79b6fbadf161fae9fe71b8acc3512550cedddc60d4f272"
"5887a357-20f9-4e6c-9627-5fad58deb233","crossing","75","jev","false","0","0","30","0","7","complete","16","16","Nimble","16","0","0","41385","0","0","local","0","0","false","0","0","1308","748141399023c6684b73df7ede651f1143d14b8ae34d8cd612f0dc3ed6e9c879"
"c194008c-94d2-42c9-a182-4c0b2db37703","healer","71","rules","false","2","0","20.6","0","12","complete","21","0","Nimble","0","0","0","0","0","0","local","0","0","false","0","0","","00eed580cd1fb1bfb511b4b3e8929fb2a67d3875a2e89dc2e636b70b552ee598"
"16b0ffde-74b2-4eed-9613-7a26a51cef19","healer","71","rules-tactical","true","3","0","39.9","0","11","complete","40","0","Nimble","0","0","0","0","0","0","local","0","0","false","0","0","","06c5f8a7f93a5770ecdeac4e6626d12a5234f1040968f37be0fe82e65d936183"
"11e3a999-892b-4683-90d2-db6ed2ce709a","healer","71","jev","false","2","0","17","0","4","complete","9","9","Nimble","8","0","0","31143","0","0","local","0","0","false","0","1","1587","1de907253bd98546baadd2704768cf0d11baa8e3e45b3f2df08ecef5cc183609"
"51aee492-0837-4fe1-8323-a0f2f48c020c","healer","72","rules","false","2","0","20.55","0","12","complete","21","0","Nimble","0","0","0","0","0","0","local","0","0","false","0","0","","0a7d495ad95aeb95e7fa7d313c99069c4cb78438e303470612155b36b920f8c2"
"4f2b8021-e0be-4beb-895e-d405f803bccd","healer","72","rules-tactical","true","3","0","39.1","0","9","complete","40","0","Nimble","0","0","0","0","0","0","local","0","0","false","0","0","","4d9c82ebe937d909eeb54ed0773a29bbacc03cbe1245acbee01fe01c96ce6b38"
"0aaa9d93-2e2f-4e55-ada8-bc3eefb64a80","healer","72","jev","false","2","0","18","0","4","complete","9","9","Nimble","9","0","0","31224","0","0","local","0","0","false","0","0","1550","c6ccc53ca41fe4f003a296c848132cb8c0a57ed6f30ab7dd580fe6955f019a04"
"06dca0ec-fdb4-4265-8f72-a9fcee46bf2c","healer","73","rules","false","2","0","20.65","0.05","12","complete","21","0","Nimble","0","0","0","0","0","0","local","0","0","false","0","0","","aee7a334ed213555d1812fed6bf15dfc4e12aa0bfd53fafab1b4acc99e01c5c6"
"bf4d7a34-ad92-4dc9-8da8-2d887cf53b1b","healer","73","rules-tactical","true","3","0","39.05","0.05","11","complete","40","0","Nimble","0","0","0","0","0","0","local","0","0","false","0","0","","6460645e19d29e36c3fdaa5ca9ef1348f65d786e5aa41a1630dbdee0a349e1d4"
"54517984-85d0-464c-8212-4dad8f597d29","healer","73","jev","false","2","0","18.4","0","4","complete","10","10","Nimble","9","0","0","34734","0","0","local","0","0","false","0","1","1546","783b13ccb85ca7521679e901218e7f0adc9fe8a6f5ec5128f2af5735a7c4c0a9"
"31fa203c-91ea-4e21-a88f-f1c278ca79d0","healer","74","rules","false","2","0","20.2","1.1","10","complete","21","0","Nimble","0","0","0","0","0","0","local","0","0","false","0","0","","92dfc547161c67d3752ae68b617185efa891d14f6c583532558d40274391b368"
"c5f1708e-f965-4481-aa1c-46e0cba49b89","healer","74","rules-tactical","true","3","0","36.7","0","11","complete","37","0","Nimble","0","0","0","0","0","0","local","0","0","false","0","0","","dfe1111b9a7f12f4f06d7d4a389a7f4c5b0f028f3dbd1b708d8addfdfde6c139"
"55080ec1-071c-40e5-91ff-c0ac8cb76fc1","healer","74","jev","false","2","0","17.05","0","6","complete","9","9","Nimble","8","0","0","31164","0","0","local","0","0","false","0","1","1544","c3436b47ab5097e3ddc0cdeb0d12c6550939d0e31eb40432de20c2e95e9bfcc5"
"8925284a-a945-4a72-9c20-ff13fbc632b3","healer","75","rules","false","2","0","20.5","0","13","complete","21","0","Nimble","0","0","0","0","0","0","local","0","0","false","0","0","","281f188bde6498a2cd74ad141288450cf2f31372a3a1ccb46ca6e913ce27be89"
"9f0b992e-4322-41b9-af7a-c960315cf8ef","healer","75","rules-tactical","true","3","0","36.65","0","15","complete","37","0","Nimble","0","0","0","0","0","0","local","0","0","false","0","0","","6897d72ea8a90af1a0a3469dd97114ce4422d564f332e058808c84ea0273783c"
"c271a87e-53ec-4adb-a950-d5dd18fa448b","healer","75","jev","false","2","0","17.75","0","4","complete","9","9","Nimble","9","0","0","31203","0","0","local","0","0","false","0","0","1558","973d1ffe730a4988e9bc84f00684a6a64341bee9b455fe1188d9b2f9177159e0"
"099f1036-188b-402f-a280-e6757cef2663","withdraw","71","rules","true","3","2","9.8","4","3","complete","10","0","Nimble","0","0","0","0","0","0","local","0","0","false","0","0","","83e348f4d0ccf600b443dc4dd6de3e5647d1102b66a073ea0b94eb61ea2fe1a6"
"70d0236c-4459-4261-b4ee-b30e4a35a052","withdraw","71","rules-tactical","true","3","2","9.8","4","3","complete","10","0","Nimble","0","0","0","0","0","0","local","0","0","false","0","0","","72c5f851ab089c0c98f93401afedabb3e21f1cded9c671afe46dbd49d5dae5c1"
"832e3d55-2c52-492a-a473-c8a58051e5c0","withdraw","71","jev","true","2","2","11.55","4","3","complete","6","6","Nimble","4","0","2","20092","0","0","local","0","0","false","0.3333333333333333","0","1676","dcd9fb0166e60555ebf6e9eadcace2f01d0a9ddcb706ab5e4d157feb50bba0f1"
"c23ed5ac-d04c-43a7-8751-62a3d3667a3a","withdraw","72","rules","true","3","2","9.65","4.05","3","complete","10","0","Nimble","0","0","0","0","0","0","local","0","0","false","0","0","","1b694fa289325393b19d0969c6f66ca5f77e793647589ab36686ab7ede652eb3"
"709403db-c45e-44cc-899a-b62bebd6c83c","withdraw","72","rules-tactical","true","3","2","9.65","4.05","3","complete","10","0","Nimble","0","0","0","0","0","0","local","0","0","false","0","0","","0befe1569b60d41a99ef4a20f95210dfae0a6b89cf90d424913cd74745367fbe"
"1931aeea-2b10-44a9-9fb7-c6f91e5850a5","withdraw","72","jev","true","2","2","11.4","4.15","3","complete","6","6","Nimble","4","0","2","20095","0","0","local","0","0","false","0.3333333333333333","0","1682","91e3c2c7a903c3abd9906834021d4614c9e39041272c95f0df12086c9886acd5"
"2650d38e-7c35-4a2e-9eeb-b32c312a5c4c","withdraw","73","rules","true","3","2","10.15","3.75","3","complete","11","0","Nimble","0","0","0","0","0","0","local","0","0","false","0","0","","cc6119ad09087a6598cead8adf117d4eb4ea918ebe9d047a069663940e759871"
"926427b6-0c20-45d6-ba95-f0e761a61468","withdraw","73","rules-tactical","true","3","2","10.15","3.75","3","complete","11","0","Nimble","0","0","0","0","0","0","local","0","0","false","0","0","","0cdad4a163ad67055236823a1b5c38a111863af042acf6a986bb92cae15d458d"
"7582184e-8d1e-4853-ba58-3974b6534ecf","withdraw","73","jev","true","2","2","11.95","4.25","3","complete","6","6","Nimble","4","0","2","18403","0","0","local","0","0","false","0.3333333333333333","0","1600","013fffaae6012729963ea2167a36bc2761a3c60daba560d5b729349dae690e14"
"e5f1fb5a-9891-49d2-a1dc-e9f9edc18cfc","withdraw","74","rules","true","3","2","9.9","3.7","3","complete","10","0","Nimble","0","0","0","0","0","0","local","0","0","false","0","0","","5a35c0564da5bc2fdb71692fd8f1510bfad5548cfb70c52457f3454777e15949"
"bdef0aeb-f2ed-4a12-b3a5-45b832e70c7f","withdraw","74","rules-tactical","true","3","2","9.9","3.7","3","complete","10","0","Nimble","0","0","0","0","0","0","local","0","0","false","0","0","","1d98ee6490ba53ae7c2ce7fd00306bf28641db7e4c9ee6f60f6577e9fd817dfc"
"c3804c10-2cfd-4c0a-850a-391b96073774","withdraw","74","jev","true","2","2","11.6","4.2","3","complete","6","6","Nimble","4","0","2","18385","0","0","local","0","0","false","0.3333333333333333","0","1588","74aca77609a98c1700000ce30e1caf1eed35f396f242964bf243ce56ccc5caa6"
"73bebbc0-b732-49b2-b564-a1c8040a0829","withdraw","75","rules","true","3","2","10.05","4.05","3","complete","11","0","Nimble","0","0","0","0","0","0","local","0","0","false","0","0","","ea9c4529c779a5e2478dc589369dd8adf4fe88a72bdbec692b1636b3df92ae6c"
"3e4af863-9f11-4f6f-bf72-a7dc083fb858","withdraw","75","rules-tactical","true","3","2","10.05","4.05","3","complete","11","0","Nimble","0","0","0","0","0","0","local","0","0","false","0","0","","4e6a584a03c12e7d3669bea810135b7aee933ffc135c31b1abaef281a15ffcb7"
"80dab1fb-0042-4905-9778-7179ab6a0340","withdraw","75","jev","true","2","2","11.8","4.1","3","complete","6","6","Nimble","4","0","2","20090","0","0","local","0","0","false","0.3333333333333333","0","1663","8869a93b1fe193555ef05db735f69ed590d3abaf2f5f8e719469033258513117"
